location,checkout,dairy,drinks,fruit,spices
checkout,0.3624106781717676,0.16745314817311582,0.15747606849130377,0.17082378320075503,0.14183632196305784
dairy,0.261380636888224,0.20217995298140629,0.15729856807010045,0.22355204103440907,0.15558880102586023
drinks,0.2916773367477593,0.18719590268886044,0.1613316261203585,0.20614596670934698,0.15364916773367476
fruit,0.25302616165560327,0.20616946505271377,0.1540413900819992,0.22959781335415852,0.15716516985552517
spices,0.2853717026378897,0.18731681321609378,0.1550759392486011,0.22062350119904076,0.15161204369837464
